{"cameraMode":{"drawMode":0,"name":"Shaded","section":"Shading Mode"},"sceneLighting":true,"audioPlay":false,"sceneViewState":{"m_AlwaysRefresh":false,"showFog":true,"showSkybox":true,"showFlares":true,"showImageEffects":true,"showParticleSystems":true,"showVisualEffectGraphs":true,"m_FxEnabled":true},"in2DMode":false,"pivot":{"x":1.5908201932907105,"y":8.468650817871094,"z":0.2175750434398651},"rotation":{"x":0.6828879117965698,"y":0.005379111040383577,"z":-0.006819226313382387,"w":0.7304669618606567},"size":0.7102832794189453,"orthographic":false}