{"cameraMode":{"drawMode":0,"name":"Shaded","section":"Shading Mode"},"sceneLighting":true,"audioPlay":false,"sceneViewState":{"m_AlwaysRefresh":false,"showFog":true,"showSkybox":true,"showFlares":true,"showImageEffects":true,"showParticleSystems":true,"showVisualEffectGraphs":true,"m_FxEnabled":true},"in2DMode":false,"pivot":{"x":-4.471560955047607,"y":-20.33987045288086,"z":26.469701766967775},"rotation":{"x":-0.32846423983573916,"y":0.026059256866574289,"z":-0.009066914208233357,"w":-0.9441147446632385},"size":19.295509338378908,"orthographic":false}