{"cameraMode":{"drawMode":0,"name":"Shaded","section":"Shading Mode"},"sceneLighting":true,"audioPlay":false,"sceneViewState":{"m_AlwaysRefresh":false,"showFog":true,"showSkybox":true,"showFlares":true,"showImageEffects":true,"showParticleSystems":true,"showVisualEffectGraphs":true,"m_FxEnabled":true},"in2DMode":false,"pivot":{"x":1.538932204246521,"y":0.7568898797035217,"z":0.33191242814064028},"rotation":{"x":-0.5897798538208008,"y":-0.0071894582360982899,"z":0.005250630434602499,"w":-0.8075242042541504},"size":2.60857892036438,"orthographic":false}