{"cameraMode":{"drawMode":0,"name":"Shaded","section":"Shading Mode"},"sceneLighting":true,"audioPlay":false,"sceneViewState":{"m_AlwaysRefresh":false,"showFog":true,"showSkybox":true,"showFlares":true,"showImageEffects":true,"showParticleSystems":true,"showVisualEffectGraphs":true,"m_FxEnabled":true},"in2DMode":false,"pivot":{"x":-0.7441431283950806,"y":0.7644423842430115,"z":0.6836893558502197},"rotation":{"x":0.5736183524131775,"y":0.05650936812162399,"z":-0.04137798026204109,"w":0.8160879015922546},"size":5.578487873077393,"orthographic":false}