{"cameraMode":{"drawMode":0,"name":"Shaded","section":"Shading Mode"},"sceneLighting":false,"audioPlay":false,"sceneViewState":{"m_AlwaysRefresh":false,"showFog":true,"showSkybox":false,"showFlares":true,"showImageEffects":true,"showParticleSystems":true,"showVisualEffectGraphs":true,"m_FxEnabled":true},"in2DMode":false,"pivot":{"x":-0.008125909604132176,"y":2.7261531352996828,"z":-0.9499236941337586},"rotation":{"x":-0.4098188579082489,"y":0.0043446095660328869,"z":-0.0005628679064102471,"w":-0.9121493101119995},"size":0.9328585863113403,"orthographic":false}