{"cameraMode":{"drawMode":0,"name":"Shaded","section":"Shading Mode"},"sceneLighting":false,"audioPlay":false,"sceneViewState":{"m_AlwaysRefresh":false,"showFog":true,"showSkybox":false,"showFlares":true,"showImageEffects":true,"showParticleSystems":true,"showVisualEffectGraphs":true,"m_FxEnabled":true},"in2DMode":false,"pivot":{"x":-0.1334678679704666,"y":1.7075495719909669,"z":5.007591247558594},"rotation":{"x":-0.42697736620903017,"y":-0.02387341670691967,"z":0.011276425793766976,"w":-0.9038856625556946},"size":0.5766496658325195,"orthographic":false}