{"cameraMode":{"drawMode":0,"name":"Shaded","section":"Shading Mode"},"sceneLighting":false,"audioPlay":false,"sceneViewState":{"m_AlwaysRefresh":false,"showFog":true,"showSkybox":false,"showFlares":true,"showImageEffects":true,"showParticleSystems":true,"showVisualEffectGraphs":true,"m_FxEnabled":true},"in2DMode":false,"pivot":{"x":-0.08973139524459839,"y":0.03249549865722656,"z":0.3798004388809204},"rotation":{"x":-0.377999484539032,"y":-0.019243815913796426,"z":0.009228324517607689,"w":-0.9255514740943909},"size":1.359483242034912,"orthographic":false}