{"cameraMode":{"drawMode":0,"name":"Shaded","section":"Shading Mode"},"sceneLighting":false,"audioPlay":false,"sceneViewState":{"m_AlwaysRefresh":false,"showFog":true,"showSkybox":false,"showFlares":true,"showImageEffects":true,"showParticleSystems":true,"showVisualEffectGraphs":true,"m_FxEnabled":true},"in2DMode":false,"pivot":{"x":-0.007202621549367905,"y":0.5917556881904602,"z":-0.9523149728775024},"rotation":{"x":-0.1944090873003006,"y":0.08272360265254975,"z":-0.015166360884904862,"w":-0.9772869944572449},"size":1.359483242034912,"orthographic":false}